{
  "summary": {
    "total_images": 20,
    "detectors": [
      "insightface"
    ],
    "performance_stats": {
      "insightface": {
        "avg_time": 0.5147367954254151,
        "min_time": 0.18272805213928223,
        "max_time": 1.234757900238037,
        "std_time": 0.278676534127491,
        "success_rate": 1.0,
        "total_faces": 50,
        "avg_faces_per_image": 2.5
      }
    },
    "accuracy_stats": {
      "insightface": {
        "avg_confidence": 0.7825679409503937,
        "min_confidence": 0.5088468790054321,
        "max_confidence": 0.9020466804504395,
        "std_confidence": 0.08664501868923594,
        "avg_face_size": 62469.02,
        "min_face_size": 5184.0,
        "max_face_size": 282777.0
      }
    }
  },
  "detailed_results": {
    "insightface": [
      {
        "detector_name": "insightface",
        "image_path": "/tun/pictures/incoming/2025/09-Sep/20250906_112606.000.jpg",
        "faces_detected": 3,
        "processing_time": 0.5469908714294434,
        "success": true,
        "error": null,
        "confidence_scores": [
          0.8871761560440063,
          0.811671793460846,
          0.7464346289634705
        ],
        "face_sizes": [
          [
            